Solvency Ratios,2021A,2022A,2023A,2024A,2025A,2026E,2027E,2028E,2029E,2030E,2031E,2032E,2033E,2034E,2035E
Debt-Equity Ratio,0.14,0.13,0.14,0.15,0.21,0.25,0.23,0.21,0.19,0.17,0.15,0.14,0.13,0.12,0.11
Debt-Capital Ratio,0.12,0.12,0.13,0.13,0.17,0.20,0.19,0.17,0.16,0.15,0.13,0.12,0.11,0.10,0.10
Debt-Assets Ratio,0.09,0.08,0.09,0.10,0.13,0.15,0.14,0.13,0.12,0.11,0.10,0.09,0.08,0.08,0.07
ICR - Interest Coverage Ratio,20.04,14.19,16.96,14.26,14.68,6.83,12.12,16.83,20.45,23.51,25.75,28.08,29.74,31.77,33.42
DOL - Degree of Operating Leverage,-0.55,-1.18,24.08,1.55,4.15,-12.23,5.62,0.90,2.00,1.60,1.12,1.20,0.90,1.21,1.09
DFL - Degree of Financial Leverage,1.05,1.08,1.06,1.08,1.07,1.17,1.09,1.06,1.05,1.04,1.04,1.04,1.03,1.03,1.03
Financial Leverage Ratio (Assets-Equity),1.56,1.56,1.56,1.57,1.62,1.67,1.67,1.66,1.65,1.62,1.59,1.56,1.53,1.50,1.48
Net Leverage (Debt excl.cash-EBITDA),-1.34,-0.45,-0.22,-0.48,0.48,1.54,1.04,0.59,-0.02,-0.55,-1.09,-1.58,-2.07,-2.53,-3.00
Total Leverage (Debt-EBITDA),1.16,1.30,1.14,1.06,1.31,2.61,1.62,1.42,1.20,1.06,0.98,0.90,0.85,0.79,0.75
