DCF Value per Share,Value
PV of Terminal Value,"2,495,570"
PV of Discrete Period,"815,490"
Total Enterprise Value,"3,311,060"
Debt,"267,839"
Non-Controlling Interest,"68,535"
Cash & Cash Equivalents,"145,487"
Net Debt,"190,887"
Implied Equity Value,"3,120,173"
Basic Shares Outstanding (Mn),"18,791"
Diluted Shares Outstanding (Mn),"19,318"
Implied Equity Value per Share (RMB),161.52
Implied Equity Value per Share (USD),184.77
Stock Price (RMB),128.10
Up/Downside,26.1%
12 Month Price Target (RMB),174.94
12 Month Price Target (USD),200.13
Discount/Premium to Value,36.57%
