Type,Item,Carrying Value,Effective Rate (%),Currency,Face Value,CPN (%),Maturity,Interest,Weight (%)
Bank Debt,Shot-term other borrowings,26288,2.00,RMB,26288,2.00,,526,9.34
Bank Debt,Long-term other borrowings,41489,3.90,RMB,41489,3.90,,1618,14.73
Bank Debt,US$4.0 billion syndicated loan SOFR + 80bps,22937,4.67,USD,4000,4.67,,1071,8.15
Convertible Unsecured Senior Notes,"US$5,000 million 0.500% convertible at US$161.6",35595,0.80,USD,5000,0.500,2029,285,12.64
Convertible Unsecured Senior Notes,"US$3,200 million 0.000% convertible at US$193.15",22781,0.00,USD,3200,0.000,2032,0,8.09
Exchangeable Bonds,HK$12 Billion 0.000% due 2032,13755,0.00,HK,12000,0.000,2032,0,4.88
Unsecured Senior Notes,"US$2,550 million 3.400% notes due 2027",18434,3.52,USD,2250,3.400,2027,649,6.55
Unsecured Senior Notes,"RMB8,400 million 2.650% notes due 2028",8353,2.83,RMB,8400,2.600,2028,236,2.97
Unsecured Senior Notes,"RMB5,000 million 2.800% notes due 2029",4971,2.93,RMB,5000,2.800,2029,146,1.77
Unsecured Senior Notes,"US$1,000 million 4.875% notes due 2030",7205,5.01,USD,1000,4.875,2030,361,2.56
Unsecured Senior Notes,"US$1,500 million 2.125% notes due 2031",10834,2.20,USD,1500,2.125,2031,238,3.85
Unsecured Senior Notes,US$700 million 4.500% notes due 2034,5034,4.60,USD,700,4.500,2034,232,1.79
Unsecured Senior Notes,"RMB2,500 million 3.100% notes due 2034",2485,3.17,RMB,2500,3.100,2034,79,0.88
Unsecured Senior Notes,"US$1,150 million 5.250% notes due 2035",8268,5.35,USD,1150,5.250,2035,442,2.94
Unsecured Senior Notes,"US$1,000 million 4.000% notes due 2037",7203,4.06,USD,1000,4.000,2037,292,2.56
Unsecured Senior Notes,"US$1,000 million 2.700% notes due 2041",7158,2.80,USD,1000,2.700,2041,200,2.54
Unsecured Senior Notes,"RMB1,100 million 3.500% notes due 2044",1093,3.54,RMB,1100,3.500,2044,39,0.39
Unsecured Senior Notes,"US$1,750 million 4.200% notes due 2047",12586,4.25,USD,1750,4.200,2047,535,4.47
Unsecured Senior Notes,"US$1,500 million 3.150% notes due 2051",10796,3.19,USD,1500,3.150,2051,344,3.83
Unsecured Senior Notes,US$500 million 5.625% notes due 2054,3597,5.67,USD,500,5.625,2054,204,1.28
Unsecured Senior Notes,"US$1,000 million 4.400% notes due 2057",7186,4.44,USD,1000,4.400,2057,319,2.55
Unsecured Senior Notes,"US$1,000 million 3.250% notes due 2061",7195,3.28,USD,1000,3.250,2061,236,2.56
Adjustment for Convertible Notes,"No visibility in quarterly report, relying on offering",-895,,,,,,,-0.32
Adjustment to Unsecured Senior Notes for quarterly cost and discounts,,-1894,,,,,,,-0.67
Bank Debt Adjustment for quarterly costs,,-860,,,,,,,-0.31
