Balance Sheet Vertical,2021A,2022A,2023A,2024A,2025A,2026E,2027E,2028E,2029E,2030E,2031E,2032E,2033E,2034E,2035E
Total Current Assets,38.1,37.7,39.8,42.7,37.4,30.7,29.0,31.1,35.8,40.3,44.6,48.6,52.4,55.9,59.1
Cash and Cash Equivalents,19.0,11.2,11.0,14.1,8.1,6.0,4.9,7.3,11.8,16.2,20.8,24.9,28.8,32.4,35.9
Short-term Investments,9.0,15.1,18.6,14.9,12.7,12.0,11.1,10.2,9.4,8.7,8.0,7.3,6.8,6.3,5.8
Restricted Cash and Escrow Receivables,2.1,2.2,2.1,2.2,2.4,1.1,0.9,1.3,2.1,2.8,3.6,4.3,5.0,5.6,6.2
Equity Securities and Other Investments,0.6,0.5,0.3,3.4,3.0,2.4,2.2,2.1,1.9,1.8,1.7,1.6,1.5,1.4,1.3
"Prepayments, Receivables and Other Assets",7.4,8.6,7.8,8.1,11.2,9.3,9.9,10.2,10.5,10.9,10.5,10.5,10.3,10.1,9.9
Total Non-Current Assets,61.9,62.3,60.2,57.3,62.6,69.3,71.0,68.9,64.2,59.7,55.4,51.4,47.6,44.1,40.9
"Property and Equipment, net",8.7,10.1,10.0,10.5,11.3,17.6,22.8,24.4,23.2,21.9,20.6,19.3,18.0,16.7,15.3
Goodwill,17.3,15.9,15.3,14.7,14.2,13.2,12.1,10.9,9.8,8.7,7.7,6.8,6.0,5.3,4.6
"Intangible Assets, net",4.2,3.5,2.7,1.5,1.2,1.0,0.9,0.7,0.6,0.5,0.5,0.4,0.4,0.4,0.4
Equity Securities and Other Investments,14.0,13.2,14.0,12.5,19.8,21.5,20.1,18.4,17.0,15.6,14.4,13.2,12.2,11.3,10.5
"Prepayments, Receivables and Other Assets",5.8,6.7,6.3,6.6,4.6,5.1,5.0,4.8,4.7,4.6,4.4,4.3,4.2,4.1,4.1
Investments in Equity Method Investees,11.8,13.0,11.8,11.5,11.6,10.8,10.2,9.5,8.9,8.3,7.8,7.3,6.8,6.4,6.0
Total Assets,100.0,100.0,100.0,100.0,100.0,100.0,100.0,100.0,100.0,100.0,100.0,100.0,100.0,100.0,100.0
Total Current Liabilities,22.3,22.6,22.0,23.9,24.1,23.4,24.1,25.1,25.4,25.4,25.2,24.9,24.5,23.9,23.2
Current Bank Borrowings,0.2,0.5,0.4,0.7,1.3,1.4,1.3,1.2,1.1,1.0,0.9,0.8,0.8,0.7,0.7
Current Unsecured Senior Notes,0.6,,0.3,0.9,,,,,,,,,,,
Income Tax Payable,1.5,1.3,0.7,0.5,0.6,0.3,0.3,0.3,0.2,0.2,0.2,0.2,0.2,0.2,0.1
Escrow Money Payable,0.0,,,,,,,,,,,,,,
"Accrued Expenses, Accounts Payable and Other Liabilities",15.4,16.0,15.7,16.9,18.4,17.4,18.1,19.1,19.5,19.6,19.4,19.3,19.0,18.6,18.1
Merchant Deposits,0.9,0.9,0.8,0.7,0.0,0.0,0.0,0.0,0.0,0.0,0.0,0.0,0.0,0.0,0.0
Deferred Revenue and Customer Advances,3.7,4.0,4.1,4.1,3.8,4.3,4.4,4.6,4.6,4.6,4.7,4.6,4.5,4.4,4.3
Total Current Liabilities,13.6,13.5,14.0,13.1,15.5,17.2,16.0,14.7,13.5,12.4,11.4,10.5,9.7,9.0,8.4
Non-Current Bank Borrowings,2.3,2.3,3.0,3.2,2.8,3.3,3.1,2.8,2.6,2.4,2.2,2.0,1.9,1.7,1.6
Non-Current Unsecured Senior Notes,5.8,5.6,5.5,4.9,6.8,6.3,5.9,5.4,5.0,4.6,4.2,3.9,3.6,3.3,3.1
Non-Current Convertible Unsecured Senior Notes,,,,,2.0,3.0,2.8,2.6,2.4,2.2,2.0,1.8,1.7,1.6,1.5
Deferred Tax Liabilities,3.5,3.6,3.5,3.0,2.7,2.4,2.3,2.1,1.9,1.8,1.6,1.5,1.4,1.3,1.2
Deferred Revenue,0.2,0.2,0.2,0.2,0.3,0.2,0.2,0.2,0.2,0.2,0.2,0.1,0.1,0.1,0.1
Other Liabilities,1.8,1.9,1.7,1.8,1.0,1.1,1.0,1.0,0.9,0.8,0.7,0.7,0.6,0.6,0.5
Total Liabilities,35.9,36.2,35.9,37.0,39.6,40.5,40.0,39.8,38.9,37.9,36.7,35.4,34.2,32.9,31.6
Total Mezzanine and Shareholders' Equity,64.1,63.8,64.1,63.0,60.4,59.5,60.0,60.2,61.1,62.1,63.3,64.6,65.8,67.1,68.4
Mezzanine Equity,0.5,0.6,0.6,0.6,0.6,0.5,0.3,0.3,0.3,0.2,0.2,0.2,0.2,0.2,0.2
Ordinary Shares,0.0,0.0,0.0,0.0,0.0,0.0,0.0,0.0,0.0,0.0,0.0,0.0,0.0,0.0,0.0
Additional Paid-In Capital,23.3,24.2,23.8,22.6,21.1,20.6,19.9,19.0,18.3,17.5,16.9,16.4,15.9,15.5,15.2
Treasury Shares at Cost,,-0.1,-1.6,-1.6,-2.0,-1.9,-1.9,-1.8,-1.7,-1.6,-1.5,-1.4,-1.3,-1.2,-1.2
Subscription Receivables,-0.0,-0.0,-0.0,,,,,,,,,,,,
Statutory Reserves,0.4,0.6,0.7,0.8,0.9,0.9,0.9,1.0,1.0,1.1,1.1,1.2,1.2,1.3,1.3
Accumulated Other Comprehensive Loss,,,,,,,,,,,,,,,
Cumulative Translation Adjustments,-1.1,-2.0,-0.6,0.2,0.2,,,,,,,,,,
Unrealized Losses on Interest Rate Swaps and Others,-0.0,0.0,0.0,-0.0,0.0,,,,,,,,,,
Retained Earnings,32.8,33.2,34.2,33.9,35.8,35.7,37.4,38.7,40.4,42.3,44.1,45.9,47.5,49.1,50.6
Noncontrolling Interests,8.1,7.3,7.0,6.5,3.8,3.6,3.3,3.0,2.8,2.5,2.4,2.3,2.2,2.2,2.3
"Total Liabilities, Mezzanine Equity and Shareholders' equity",100.0,100.0,100.0,100.0,100.0,100.0,100.0,100.0,100.0,100.0,100.0,100.0,100.0,100.0,100.0
