DCF,2025A,2026E,2027E,2028E,2029E,2030E,2031E,2032E,2033E,2034E,2035E,CAGR
Total Revenue,996347,1038231,1182745,1328643,1471385,1608548,1744857,1876664,1999993,2112444,2213261,8.31%
yoy growth %,,4,14,12,11,9,8,8,7,6,5,
EBIT,140905,68449,122013,135558,164698,189290,207330,226128,239499,255844,269143,6.69%
Operating Margin,14.1,6.6,10.3,10.2,11.2,11.8,11.9,12.0,12.0,12.1,12.2,
yoy growth %,,-51,78,11,21,15,10,9,6,7,5,
Tax Rate,25,25,25,25,25,25,25,25,25,25,25,
NOPAT,105679,51337,91510,101669,123523,141968,155498,169596,179624,191883,201857,6.69%
yoy growth %,,-51,78,11,21,15,10,9,6,7,5,
"Depreciation, Amortisation & Impairment",-35596,-39440,-51887,-62991,-70270,-75664,-81319,-87170,-93216,-99417,-105661,
% of Revenue,-3.6,-3.8,-4.4,-4.7,-4.8,-4.7,-4.7,-4.6,-4.7,-4.7,-4.8,
Change in NWC,36448,-24789,-13510,-30171,-18182,-14779,-24230,-18276,-19439,-15317,-14510,
% of Revenue,79.8,-53.9,-29.1,-64.5,-38.6,-31.1,-50.6,-37.9,-40.0,-31.3,-29.4,
CapEx,-85972,-166117,-177412,-132864,-82450,-86115,-89050,-91085,-94000,-95060,-95170,
% of Revenue,-8.6,-16.0,-15.0,-10.0,-5.6,-5.4,-5.1,-4.9,-4.7,-4.5,-4.3,
UFCF,18855,-50550,-20505,61966,129526,146296,171997,183957,198279,211556,226858,28.24%
UFCF yoy growth %,,-368,-59,-402,109,13,18,7,8,7,7,
Shares,19318,19295,19360,19382,19415,19455,19505,19560,19619,19680,19745,
yoy growth % (dilution rate),,-0,0,0,0,0,0,0,0,0,0,
UFCF/Share,0.98,-2.62,-1.06,3.20,6.67,7.52,8.82,9.40,10.11,10.75,11.49,27.96%
UFCF/Share yoy growth %,,-368,-60,-402,109,13,17,7,7,6,7,
Invested Capital,1139488,1231597,1341630,1391356,1405466,1424164,1431814,1446286,1459037,1473608,1486073,2.69%
yoy growth %,,8,9,4,1,1,1,1,1,1,1,
ROIC,9.3,4.2,6.8,7.3,8.8,10.0,10.9,11.7,12.3,13.0,13.6,
