All others,2021A,2022A,2023A,2024A,2025A,2026E,2027E,2028E,2029E,2030E,2031E,2032E,2033E,2034E,2035E
All Others Revenue,233790,274456,293071,312496,329808,255789,278439,308337,340023,372992,403264,430834,454034,473907,491088
y-o-y growth (%),,17.4,6.8,6.6,5.5,-22.4,8.9,10.7,10.3,9.7,8.1,6.8,5.4,4.4,3.6
Freshippo,27200,36000,44000,47200,60000,64800,76464,91757,108273,125597,141924,156117,167045,175397,180659
y-o-y growth (%),,32.4,22.2,7.3,27.1,8.0,18.0,20.0,18.0,16.0,13.0,10.0,7.0,5.0,3.0
Alibaba Health,15518,20577,26763,27027,30597,35854,38953,42466,46205,49757,53015,55883,58262,60074,61755
y-o-y growth (%),,32.6,30.1,1.0,13.2,17.2,8.6,9.0,8.8,7.7,6.5,5.4,4.3,3.1,2.8
Sun Art,124612,88134,83662,72567,71552,0,0,0,0,0,0,0,0,0,0
y-o-y growth (%),,-29.3,-5.1,-13.3,-1.4,-100.0,,,,,,,,,
Other Businesses,66460,129745,138646,165702,167659,41064,40896,40729,40563,40397,40232,40068,39905,39742,39580
y-o-y growth (%),,95.2,6.9,19.5,1.2,-75.5,-0.4,-0.4,-0.4,-0.4,-0.4,-0.4,-0.4,-0.4,-0.4
Bull (%),,,,,,-74.5,0.6,0.6,0.6,0.6,0.6,0.6,0.6,0.6,0.6
Base (%),,,,,,-75.5,-0.4,-0.4,-0.4,-0.4,-0.4,-0.4,-0.4,-0.4,-0.4
Bear (%),,,,,,-78.5,-1.4,-1.4,-1.4,-1.4,-1.4,-1.4,-1.4,-1.4,-1.4
Hujing Digital Media and Entertainment Group,31186,18105,18444,21145,22267,24713,27063,29934,32788,35503,38005,40256,42049,43909,45856
y-o-y growth (%),,-41.9,1.9,14.6,5.3,11.0,9.5,10.6,9.5,8.3,7.0,5.9,4.5,4.4,4.4
Total Cianiao Revenue,37258,66808,77512,99020,101272,89358,95063,103450,112193,121738,130088,138510,146774,154785,163238
y-o-y growth (%),,79.3,16.0,27.7,2.3,-11.8,6.4,8.8,8.5,8.5,6.9,6.5,6.0,5.5,5.5
Bear (%),,,,,,-7.0,-3.0,0.0,0.0,1.0,1.0,1.0,1.0,1.0,1.0
