Rating,2019,2020,2021,2022,2023,2024,2025
Aaa/AAA,1.73,1.32,1.37,1.37,1.91,1.62,1.49
Aa2/AA,1.98,1.47,1.53,1.52,2.07,1.73,1.64
A1/A+,2.23,1.67,1.75,1.73,2.45,1.95,1.81
A2/A,2.36,1.77,1.86,1.84,2.64,2.10,1.89
A3/A-,2.54,1.91,2.01,1.99,2.84,2.24,1.99
Baa2/BBB,2.98,2.25,2.39,2.29,3.22,2.50,2.24
Ba1/BB+,3.48,2.69,2.99,2.63,3.64,2.77,2.59
Ba2/BB,4.58,3.09,3.45,2.85,4.35,3.24,2.87
B1/B+,5.48,4.20,4.73,3.85,5.77,4.17,3.65
B2/B,6.38,4.90,5.54,4.48,6.48,4.64,4.04
B3/B-,7.58,5.84,6.62,5.32,8.59,6.27,5.46
Caa/CCC,9.98,8.89,10.14,8.48,12.79,9.54,8.32
Ca2/CC,12.06,9.33,10.65,8.90,17.00,12.81,11.14
C2/C,15.52,12.03,13.77,11.46,18.72,18.03,16.54
D2/D,20.36,15.81,18.12,15.04,21.22,21.03,20.04
