Profitability Ratios,2021A,2022A,2023A,2024A,2025A,2026E,2027E,2028E,2029E,2030E,2031E,2032E,2033E,2034E,2035E
Gross Margin,41.3,36.8,36.7,37.7,40.0,40.3,39.8,38.9,39.3,39.7,39.6,39.5,39.4,39.5,39.5
EBITDA Margin,17.9,12.8,16.3,17.2,17.7,10.4,14.7,14.9,16.0,16.5,16.5,16.7,16.6,16.8,16.9
EBITA Margin,14.2,9.5,13.1,14.3,14.8,7.2,10.9,10.7,11.6,12.1,12.2,12.3,12.2,12.3,12.4
EBIT Margin,12.5,8.2,11.6,12.0,14.1,6.6,10.3,10.2,11.2,11.8,11.9,12.0,12.0,12.1,12.2
EBT Margin,23.1,7.0,10.3,10.8,15.6,5.6,9.5,9.6,10.6,11.3,11.4,11.6,11.6,11.7,11.8
Net Income Margin,20.0,5.5,7.5,7.6,12.6,3.6,7.1,7.2,8.0,8.5,8.6,8.7,8.7,8.8,8.8
ROIC,13.6,4.3,6.1,7.4,9.9,3.4,5.9,6.5,8.0,9.1,9.9,10.8,11.3,12.0,12.6
ROA,8.5,2.8,3.7,4.0,7.0,2.0,4.1,4.3,4.8,5.1,5.2,5.3,5.1,5.1,5.0
ROE,13.2,4.4,5.8,6.4,11.6,3.3,6.9,7.1,7.9,8.3,8.2,8.1,7.8,7.6,7.3
ROD,96.1,33.3,40.6,41.8,54.6,13.4,30.0,34.0,41.7,48.3,53.1,58.1,61.6,66.0,69.5
ROCE,6.1,4.8,6.7,7.4,9.2,4.3,7.1,7.1,7.8,8.2,8.2,8.1,7.9,7.7,7.5
