Taobao and Tmall Group,2021A,2022A,2023A,2024A,2025A,2026E,2027E,2028E,2029E,2030E,2031E,2032E,2033E,2034E,2035E
Taobao and Tmall Group Revenue,444611,474820,463455,494695,516903,556862,597537,639938,683478,729473,779342,832191,888427,948162,1011898
y-o-y growth (%),,6.8,-2.4,6.7,4.5,7.7,7.3,7.1,6.8,6.7,6.8,6.8,6.8,6.7,6.7
Customer Management Revenue,304543,316029,291541,304009,322346,345176,369974,396928,424149,453870,486106,521096,559099,600402,645322
y-o-y growth (%),,3.8,-7.7,4.3,6.0,7.1,7.2,7.3,6.9,7.0,7.1,7.2,7.3,7.4,7.5
Take rate (%),3.9,3.9,3.8,3.9,4.0,4.1,4.1,4.2,4.3,4.3,4.3,4.4,4.4,4.4,4.4
y-o-y growth (%),,0.0,-2.0,4.1,2.0,1.5,1.5,1.5,1.0,1.0,0.9,0.8,0.7,0.6,0.5
Online GMV (RMB billion),7865,8162,7684,7697,8005,8445,8918,9426,9973,10572,11227,11945,12734,13600,14552
y-o-y growth (%),,3.8,-5.9,0.2,4.0,5.5,5.6,5.7,5.8,6.0,6.2,6.4,6.6,6.8,7.0
Bull (%),,,,,,5.5,5.6,6.2,6.3,6.5,6.7,6.9,7.1,7.3,7.5
Base (%),,,,,,5.5,5.6,5.7,5.8,6.0,6.2,6.4,6.6,6.8,7.0
Bear (%),,,,,,4.5,4.6,4.7,4.8,5.0,5.2,5.4,5.6,5.8,6.0
Taobao GMV (RMB billion),3934,4082,3897,3795,4082,4240,4481,4741,5008,5327,5644,6007,6404,6839,7320
% of online GMV,50.0,50.0,50.7,49.3,51.0,50.2,50.2,50.3,50.2,50.4,50.3,50.3,50.3,50.3,50.3
Tmall GMV (RMB billion),3934,4082,3787,3902,3922,4205,4437,4685,4965,5244,5583,5939,6330,6760,7231
% of online GMV,50.0,50.0,49.3,50.7,49.0,49.8,49.8,49.7,49.8,49.6,49.7,49.7,49.7,49.7,49.7
Direct Sales and Others revenue,90000,96795,103811,110405,103180,106409,107841,109194,110757,111731,113366,114652,115872,116993,117911
% of Tmall GMV,2.3,2.4,2.7,2.8,2.6,2.5,2.4,2.3,2.2,2.1,2.0,1.9,1.8,1.7,1.6
Quick Commerce revenue,35746,44890,50249,59802,67076,77473,88319,98917,110293,122425,135280,148808,162944,177609,192706
y-o-y growth (%),,25.6,11.9,19.0,12.2,15.5,14.0,12.0,11.5,11.0,10.5,10.0,9.5,9.0,8.5
Bull (%),,,,,,16.5,15.0,13.0,12.5,12.0,11.5,11.0,10.5,10.0,9.0
Base (%),,,,,,15.5,14.0,12.0,11.5,11.0,10.5,10.0,9.5,9.0,8.5
Bear (%),,,,,,14.0,12.5,10.5,10.0,9.5,9.0,8.5,8.0,7.5,7.0
China Commerce Wholesale revenue,14322,17106,17854,20479,24301,27804,31403,34899,38278,41447,44590,47635,50512,53158,55960
y-o-y growth (%),,19.4,4.4,14.7,18.7,14.4,12.9,11.1,9.7,8.3,7.6,6.8,6.0,5.2,5.3
1688.com number of paying members,990000,990000,960000,1000000,1000000,1003020,1009758,1020322,1025431,1032359,1039929,1047298,1054257,1061643,1069061
y-o-y growth (%),,0.0,-3.0,4.2,0.0,0.3,0.7,1.0,0.5,0.7,0.7,0.7,0.7,0.7,0.7
Membership Fee (RMB),6888,6888,6888,6888,6888,6888,6888,6888,6888,6888,6888,6888,6888,6888,6888
Revenue from membership fees,6819,6819,6612,6888,6888,6909,6955,7028,7063,7111,7163,7214,7262,7313,7364
y-o-y growth (%),,0.0,-3.0,4.2,0.0,0.3,0.7,1.0,0.5,0.7,0.7,0.7,0.7,0.7,0.7
Revenue from VAS,7503,10287,11242,13591,17413,20896,24448,27871,31215,34337,37427,40421,43250,45845,48596
y-o-y growth (%),,37.1,9.3,20.9,28.1,20.0,17.0,14.0,12.0,10.0,9.0,8.0,7.0,6.0,6.0
Bull (%),,,,,,22.0,19.0,16.0,14.0,12.0,11.0,10.0,9.0,8.0,6.5
Base (%),,,,,,20.0,17.0,14.0,12.0,10.0,9.0,8.0,7.0,6.0,6.0
Bear (%),,,,,,18.0,15.0,12.0,10.0,8.0,7.0,6.0,5.0,4.0,4.0
