Income Statement Analysis Vertical,2021A,2022A,2023A,2024A,2025A,2026E,2027E,2028E,2029E,2030E,2031E,2032E,2033E,2034E,2035E
Total Revenue,100.0,100.0,100.0,100.0,100.0,100.0,100.0,100.0,100.0,100.0,100.0,100.0,100.0,100.0,100.0
Taobao and Tmall Group,62.0,55.7,53.4,52.6,51.9,53.6,50.5,48.2,46.5,45.3,44.7,44.3,44.4,44.9,45.7
Alibaba International Digital Commerce Group,6.8,7.3,8.1,10.9,13.3,14.5,15.8,16.9,18.0,18.9,19.6,20.1,20.2,20.1,19.6
Could Intelligence Group,8.4,12.0,11.9,11.3,11.8,15.2,16.9,18.0,18.6,18.6,18.5,18.4,18.3,18.2,18.0
All others,32.6,32.2,33.7,33.2,33.1,24.4,23.3,23.2,23.1,23.2,23.1,23.0,22.7,22.4,22.2
Unallocated,,0.2,0.1,0.1,0.2,0.2,0.2,0.2,0.2,0.1,0.1,0.1,0.1,0.1,0.1
Inter-segment elimination,-9.8,-7.3,-7.2,-8.1,-10.3,-8.0,-6.7,-6.5,-6.3,-6.2,-6.0,-5.9,-5.8,-5.7,-5.6
Cost of Goods Sold,-58.7,-63.2,-63.3,-62.3,-60.0,-59.7,-60.2,-61.1,-60.7,-60.3,-60.4,-60.5,-60.6,-60.5,-60.5
Gross Profit,41.3,36.8,36.7,37.7,40.0,40.3,39.8,38.9,39.3,39.7,39.6,39.5,39.4,39.5,39.5
Operating Expenses,-32.5,-31.9,-28.4,-28.5,-28.7,-36.9,-33.3,-33.0,-32.5,-32.2,-32.1,-31.8,-31.8,-31.9,-31.9
SG&A,-19.1,-17.8,-16.8,-16.7,-18.9,-25.7,-22.1,-21.4,-20.9,-20.7,-20.5,-20.3,-20.3,-20.3,-20.3
Sales and marketing expenses,-11.4,-14.0,-11.9,-12.2,-14.5,-21.5,-18.0,-17.0,-16.6,-16.4,-16.2,-16.0,-16.0,-16.0,-16.0
General and administrative,-7.7,-3.7,-4.9,-4.5,-4.4,-4.2,-4.1,-4.4,-4.3,-4.3,-4.3,-4.3,-4.3,-4.3,-4.3
Product development expenses,-8.0,-6.5,-6.5,-5.6,-5.7,-6.6,-6.1,-6.1,-6.0,-6.1,-6.2,-6.1,-6.1,-6.1,-6.1
Impairment of goodwill and intangible assets,,-2.9,-0.3,-1.1,-0.6,-0.8,-0.8,-0.7,-0.8,-0.7,-0.8,-0.8,-0.8,-0.8,-0.8
"Other gains, net",,,,,0.1,0.0,,,,,,,,,
Depreciation & Amortization,-5.4,-4.6,-4.8,-5.1,-3.6,-3.8,-4.4,-4.7,-4.8,-4.7,-4.7,-4.6,-4.7,-4.7,-4.8
Depreciation,-3.7,-3.3,-3.2,-2.8,-2.9,-3.2,-3.8,-4.3,-4.4,-4.4,-4.4,-4.4,-4.4,-4.5,-4.6
Amortization,-1.7,-1.4,-1.6,-2.3,-0.6,-0.6,-0.5,-0.5,-0.4,-0.4,-0.3,-0.3,-0.2,-0.2,-0.2
EBITDA,17.9,12.8,16.3,17.2,17.7,10.4,14.7,14.9,16.0,16.5,16.5,16.7,16.6,16.8,16.9
EBITA,14.2,9.5,13.1,14.3,14.8,7.2,10.9,10.7,11.6,12.1,12.2,12.3,12.2,12.3,12.4
Operating Income (EBIT),12.5,8.2,11.6,12.0,14.1,6.6,10.3,10.2,11.2,11.8,11.9,12.0,12.0,12.1,12.2
"Interest and investment Income, net",10.1,-1.8,-1.3,-1.1,2.1,,,,,,,,,,
Interest expense,-0.6,-0.6,-0.7,-0.8,-1.0,-1.0,-0.9,-0.6,-0.5,-0.5,-0.5,-0.4,-0.4,-0.4,-0.4
Net Other Income (Expense),1.1,1.2,0.7,0.7,0.3,,,,,,,,,,
Pretax Income (EBT),23.1,7.0,10.3,10.8,15.6,5.6,9.5,9.6,10.6,11.3,11.4,11.6,11.6,11.7,11.8
Income Tax Expense,-4.1,-3.1,-1.8,-2.4,-3.6,-2.0,-2.3,-2.4,-2.7,-2.8,-2.9,-2.9,-2.9,-2.9,-2.9
Share of results of equity method investees,1.0,1.7,-0.9,-0.8,0.6,,,,,,,,,,
Net Income,20.0,5.5,7.5,7.6,12.6,3.6,7.1,7.2,8.0,8.5,8.6,8.7,8.7,8.8,8.8
Net loss attributable to noncontrolling interests,1.0,1.8,0.8,0.9,0.4,-0.0,0.2,0.7,0.7,0.5,0.5,0.4,0.4,0.5,0.5
Net Income attributable to Alibaba Group Holding Limited,21.0,7.3,8.4,8.5,13.1,3.6,7.3,7.9,8.7,9.0,9.1,9.1,9.1,9.3,9.4
Accretion of mezzanine equity,-0.0,-0.0,-0.0,-0.0,-0.1,0.2,-0.0,-0.0,-0.0,-0.0,-0.0,-0.0,-0.0,-0.0,-0.0
Net Income Attributable to Ordinary Shareholders,21.0,7.3,8.3,8.5,13.0,3.8,7.3,7.9,8.7,9.0,9.0,9.1,9.1,9.3,9.4
