greater than,to ≤,Rating,Spread (%),Debt-Recovery Rates (%),Drop in EBITDA (%)
8.5,100000,Aaa/AAA,0.45,100.00,0.00
6.5,8.5,Aa2/AA,0.60,95.40,0.00
5.5,6.5,A1/A+,0.77,73.35,0.00
4.25,5.5,A2/A,0.85,51.30,0.00
3,4.25,A3/A-,0.95,47.30,-2.00
2.5,3,Baa2/BBB,1.20,43.30,-10.00
2.25,2.5,Ba1/BB+,1.55,40.50,-20.00
2,2.25,Ba2/BB,1.83,37.70,-20.00
1.75,2,B1/B+,2.61,36.80,-20.00
1.5,1.75,B2/B,3.00,35.90,-20.00
1.25,1.5,B3/B-,4.42,32.15,-25.00
0.8,1.25,Caa/CCC,7.28,28.40,-40.00
0.65,0.8,Ca2/CC,10.10,18.93,-40.00
0.2,0.65,C2/C,15.50,9.47,-40.00
-100000,0.2,D2/D,19.00,0.00,-50.00
