Income Statement Analysis Horizontal,2021A,2022A,2023A,2024A,2025A,2026E,2027E,2028E,2029E,2030E,2031E,2032E,2033E,2034E,2035E
Total Revenue,,18.9,1.8,8.3,5.9,4.2,13.9,12.3,10.7,9.3,8.5,7.6,6.6,5.6,4.8
Taobao and Tmall Group,,6.8,-2.4,6.7,4.5,7.7,7.3,7.1,6.8,6.7,6.8,6.8,6.8,6.7,6.7
Alibaba International Digital Commerce Group,,27.3,13.4,45.5,28.9,14.1,24.1,20.0,17.7,15.1,12.6,9.9,7.3,4.7,2.2
Could Intelligence Group,,68.5,1.5,2.8,11.0,33.8,26.2,20.0,14.5,9.0,8.0,7.0,6.0,5.0,4.0
All others,,17.4,6.8,6.6,5.5,-23.3,8.7,12.1,10.3,9.7,8.1,6.8,5.4,4.4,3.6
Unallocated,,N.a.,-44.3,49.8,48.3,24.9,,,,,,,,,
Inter-segment elimination,,-12.1,1.2,21.7,34.5,-19.2,-4.8,9.0,8.0,7.0,6.0,5.0,4.0,4.0,4.0
Cost of Goods Sold,,28.1,1.9,6.7,2.0,3.6,14.8,14.1,10.0,8.7,8.6,7.8,6.7,5.5,4.7
Gross Profit,,5.9,1.7,11.2,12.2,5.1,12.6,9.7,12.0,10.2,8.3,7.2,6.4,5.9,4.9
Gross Margin,,-10.9,-0.1,2.7,6.0,0.8,-1.2,-2.3,1.1,0.8,-0.1,-0.3,-0.2,0.2,0.1
Operating Expenses,,16.7,-9.3,8.8,6.8,33.6,3.1,11.1,9.2,8.4,7.9,6.6,6.7,5.7,5.0
SG&A,,11.0,-4.0,7.9,19.8,41.9,-2.1,8.8,8.2,8.1,7.3,6.6,6.8,5.5,4.7
Sales and marketing expenses,,47.0,-13.6,11.3,25.1,55.2,-4.8,6.1,8.1,8.0,7.2,6.2,6.6,5.6,4.8
General and administrative,,-42.2,32.1,-0.5,5.4,-1.5,11.6,20.6,8.5,8.6,7.8,7.9,7.4,5.2,4.6
Product development expenses,,-3.1,2.3,-7.9,9.4,19.6,5.3,12.6,9.2,11.0,9.8,6.1,6.6,5.6,5.1
Impairment of goodwill and intangible assets,,N.a.,-89.2,287.7,-41.3,30.0,13.5,4.8,23.3,0.6,11.9,7.2,6.2,6.6,3.7
"Other gains, net",,N.a.,N.a.,N.a.,N.a.,-61.0,-100.0,N.a.,N.a.,N.a.,N.a.,N.a.,N.a.,N.a.,N.a.
Depreciation & Amortization,,1.6,4.7,16.8,-26.2,10.8,31.6,21.4,11.6,7.7,7.5,7.2,6.9,6.7,6.3
Depreciation,,5.4,-0.0,-4.2,9.8,12.1,38.7,24.9,13.2,8.8,8.4,8.0,7.7,7.3,6.9
Amortization,,-6.3,15.9,59.9,-70.7,4.6,-3.6,-3.8,-4.0,-4.2,-4.5,-4.8,-5.1,-5.5,-5.9
EBITDA,,-15.1,29.8,14.1,9.2,-38.9,61.2,14.2,18.3,12.8,8.9,8.5,6.2,6.8,5.5
EBITDA Margin,,-28.6,27.5,5.3,3.2,-41.3,41.5,1.6,6.9,3.1,0.4,0.9,-0.4,1.1,0.7
EBITA,,-20.4,40.1,18.5,9.1,-49.0,71.0,10.4,20.4,14.3,9.1,8.7,5.7,6.6,5.0
EBITA Margin,,-33.1,37.5,9.4,3.1,-51.1,50.1,-1.8,8.7,4.5,0.6,1.1,-0.8,0.9,0.2
Operating Income (EBIT),,-22.3,44.1,13.0,24.3,-51.4,78.3,11.1,21.5,14.9,9.5,9.1,5.9,6.8,5.2
Operating Margin,,-34.7,41.5,4.3,17.4,-53.4,56.5,-1.1,9.7,5.1,1.0,1.4,-0.6,1.1,0.4
"Interest and investment Income, net",,-121.6,-29.5,-10.0,-308.3,-100.0,N.a.,N.a.,N.a.,N.a.,N.a.,N.a.,N.a.,N.a.,N.a.
Interest expense,,9.7,20.6,34.3,20.7,4.5,0.4,-20.0,,,,,,,
Net Other Income (Expense),,38.8,-44.7,5.7,-45.0,-100.0,N.a.,N.a.,N.a.,N.a.,N.a.,N.a.,N.a.,N.a.,N.a.
Pretax Income (EBT),,-64.0,49.8,13.9,53.0,-62.4,91.6,13.9,22.9,15.7,10.0,9.4,6.1,7.1,5.4
Income Tax Expense,,-8.4,-42.0,44.9,57.3,-41.9,33.5,15.9,22.9,15.7,10.0,9.4,6.1,7.1,5.4
Share of results of equity method investees,,105.4,-156.2,-4.1,-177.1,-100.0,N.a.,N.a.,N.a.,N.a.,N.a.,N.a.,N.a.,N.a.,N.a.
Net Income,,-67.1,39.3,8.8,76.6,-70.0,123.3,13.2,22.9,15.7,10.0,9.4,6.1,7.1,5.4
Net income Margin,,-72.4,36.8,0.4,66.8,-71.2,96.0,0.8,10.9,5.8,1.4,1.7,-0.4,1.4,0.6
Net loss attributable to noncontrolling interests,,108.0,-52.5,20.3,-52.4,-109.3,-574.1,427.6,4.4,-15.7,-0.4,-6.3,6.8,22.0,15.0
Net Income attributable to Alibaba Group Holding Limited,,-58.7,16.9,9.9,62.6,-71.2,130.5,22.0,21.2,13.2,9.3,8.6,6.2,7.8,5.9
Accretion of mezzanine equity,,7.4,-5.5,-2.2,138.4,-472.5,-103.1,150.9,0.8,0.2,-14.1,3.8,17.4,6.8,7.8
Net Income Attributable to Ordinary Shareholders,,-58.8,17.0,10.0,62.4,-69.3,116.5,21.9,21.2,13.2,9.4,8.6,6.2,7.8,5.9
EPS attributable to ordinary shareholders,,,,,,,,,,,,,,,
Basic,,-58.7,20.6,14.2,74.4,-69.2,116.3,21.7,20.9,13.0,9.1,8.3,5.8,7.4,5.5
Diluted,,-58.5,20.8,14.0,71.4,-69.2,115.8,21.8,21.0,13.0,9.1,8.3,5.8,7.4,5.5
