Company Name,EV/Sales 2025A,EV/Sales 2026E,EV/Sales 2027E,EV/EBITDA 2025A,EV/EBITDA 2026E,EV/EBITDA 2027E,P/E 2025A,P/E 2026E,P/E 2027E
Alibaba Group Holding Limited,2.54,2.44,2.14,14.35,23.47,14.56,19.43,64.71,28.98
"Jd.Com, Inc.",0.21,0.20,0.19,9.94,6.65,4.77,11.22,8.73,6.76
Pdd Holdings Inc.,2.53,2.20,1.95,10.62,8.60,6.93,10.32,8.88,7.40
Meituan,1.51,1.32,1.16,NM,15.44,9.99,NM,21.90,12.86
"Coupang, Inc.",1.11,0.94,0.84,24.35,16.09,11.77,NM,42.08,25.81
Sea Limited,3.52,2.83,2.41,23.34,18.49,14.16,45.27,29.51,21.62
"Mercadolibre, Inc.",3.68,2.87,2.36,25.82,19.35,14.67,48.58,33.50,24.25
"Amazon.Com, Inc.",3.45,3.10,2.79,14.75,12.13,9.92,32.03,28.59,23.10
Tencent Holdings Limited,6.92,6.30,5.73,15.75,13.72,12.06,19.42,17.25,15.55
"Baidu, Inc.",2.71,2.82,2.70,11.05,18.08,15.24,11.80,16.68,15.72
Alphabet Inc.,10.79,9.47,8.33,25.10,21.47,17.68,37.82,29.15,27.90
Maximum,10.79,9.47,8.33,25.82,21.47,17.68,48.58,42.08,27.90
75th Percentile,3.64,3.04,2.76,24.35,18.39,14.54,39.68,29.42,23.96
Median,3.08,2.83,2.38,15.75,15.76,11.92,25.73,25.24,18.67
25th Percentile,1.76,1.54,1.36,11.05,12.53,9.93,11.65,16.82,13.53
Minimum,0.21,0.20,0.19,9.94,6.65,4.77,10.32,8.73,6.76
