Multiples,Applicable Figure,Minimum,25th Percentile,Median,75th Percentile,Maximum
2027E EV/Sales,169132,32187,229934,403220,467632,1408759
2026E EV/Sales,148467,30083,228902,419723,451619,1405760
2025A EV/Sales,142478,30472,250989,438444,518634,1537343
2027E EV/EBITDA,24868,118570,247038,296327,361687,439648
2026E EV/EBITDA,15428,102602,193266,243165,283657,331259
2025A EV/EBITDA,25240,250918,278838,397597,614529,651740
2027E P/E,12075,81595,163434,225476,289310,336877
2026E P/E,5408,47231,90970,136520,159103,227557
2025A P/E,18015,185952,209947,463425,714873,875174
