Company,FY25A EV/Sales,FY25A EV/EBITDA
"Jd.Com, Inc.",0.21,9.94
Pdd Holdings Inc.,2.53,10.62
Meituan,1.51,NM
"Coupang, Inc.",1.11,24.35
Sea Limited,3.52,23.34
"Mercadolibre, Inc.",3.68,25.82
"Amazon.Com, Inc.",3.45,14.75
Tencent Holdings Limited,6.92,15.75
"Baidu, Inc.",2.71,11.05
Alphabet Inc.,10.79,25.10
Group Average,3.64,17.86
BABA Revenue / BABA EBITDA,142478,25240
Implied Enterprise Value,518836,450713
(+) Cash and Equivalents,20805,20805
(-) Total Debt,32991,32991
Equity Value,506650,438527
Shares Outstanding - Diluted (Mn),2387,2387
Value/Share ($),212.22,183.68
Value/Share (RMB),185.50,160.56
FY25A EPS ($),7.55,7.55
FY26E EPS ($),2.27,2.27
Implied FY25 P/E,28.12,24.34
Implied FY26 P/E,93.62,81.03
Current Price ($),146.58,146.58
Current Price (RMB),128.13,128.13
Up/Downside (%),44.78,25.31
