RMB in millions,2020A,2021A,2022A,2023A,2024A,2025A,2026E,2027E,2028E,2029E,2030E,2031E,2032E,2033E,2034E,2035E
"Gross Property and Equipment, beg",,155381,220994,265562,290599,315634,331765,483729,646988,765700,833997,905958,980855,1057787,1137634,1218541
(+) CapEx,,-41450,-53309,-34330,-32087,-85972,-166117,-177412,-132864,-82450,-86115,-89050,-91085,-94000,-95060,-95170
% of Sales,,5.8,6.2,4.0,3.4,8.6,16.0,15.0,10.0,5.6,5.4,5.1,4.9,4.7,4.5,4.3
Bull (%),,,,,,,19.0,16.0,11.0,8.0,7.5,7.0,6.5,6.0,5.5,5.5
Base (%),,,,,,,16.0,15.0,10.0,5.6,5.4,5.1,4.9,4.7,4.5,4.3
Bear (%),,,,,,,13.0,12.5,9.5,5.0,4.8,4.5,4.3,4.0,3.8,3.5
"Gross Property and Equipment, intermediate",,196831,274303,299892,322686,401606,497882,661141,779852,848149,920111,995008,1071940,1151787,1232694,1313712
(-) Derecognition,,,,,,,14153,14153,14153,14153,14153,14153,14153,14153,14153,14153
"Gross Property and Equipment, end",155381,220994,265562,290599,315634,331765,483729,646988,765700,833997,905958,980855,1057787,1137634,1218541,1299559
Variance (Estimated Derecognition),,-24163,8741,9293,7052,69841,14153,,,,,,,,,
Impairments,,,,,,,,,,,,,,,,
"Average Gross Property and Equipment, end",,188188,243278,278081,303117,323700,407747,565359,706344,799848,869977,943407,1019321,1097711,1178088,1259050
Depreciation Expense,,-25550,-25470,-24654,-23344,-24515,-32811,-45493,-56838,-64362,-70006,-75914,-82023,-88331,-94799,-101314
Depreciation % of Average PPE,,13.6,10.5,8.9,7.7,7.6,8.0,8.0,8.0,8.0,8.0,8.0,8.0,8.0,8.0,8.0
Accumulated Depreciation,-57994,-73582,-93756,-114568,-130473,-128417,,,,,,,,,,
"Property and Equipment, net, beg",,,,,,,203348,336654,468572,544598,562686,578795,591930,600992,606661,606922
(+) CapEx,,,,,,,166117,177412,132864,82450,86115,89050,91085,94000,95060,95170
(-) Depreciation,,,,,,,32811,45493,56838,64362,70006,75914,82023,88331,94799,101314
"Property and Equipment, net, end",,,,,,,336654,468572,544598,562686,578795,591930,600992,606661,606922,600779
