Company,Segment,2025A,2026E
"Jd.Com, Inc.",China E-commerce,9.94,6.65
PDD Holdings Inc.,China E-commerce,10.62,8.60
Meituan,China E-commerce,NM,15.44
Group Average,China E-commerce,10.28,10.23
"Mercadolibre, Inc.",International E-commerce,25.82,19.35
"Amazon.Com, Inc.",International E-commerce,14.75,12.13
"Coupang, Inc.",International E-commerce,24.35,16.09
Sea Limited,International E-commerce,23.34,18.49
Group Average,International E-commerce,22.06,16.51
"Baidu, Inc.",Cloud,11.05,18.08
Alphabet Inc.,Cloud,25.10,21.47
Tencent Holdings Limited,Cloud,15.75,13.72
Group Average,Cloud,17.30,17.76
