Multiples,Net Debt Adjustment ($ Mn),Minimum,25th Percentile,Median,75th Percentile,Maximum,Minimum Point,25th Percentile Point,Median Point,50th-75th Percentile Point,Maximum Point
2027E EV/Sales,12186,8.38,91.21,163.79,190.77,584.97,8.38,82.83,72.58,26.98,584.97
2026E EV/Sales,12186,7.50,90.77,170.70,184.06,583.72,7.50,90.77,79.93,13.36,583.72
2025A EV/Sales,12186,7.66,100.03,178.54,212.13,638.83,7.66,100.03,78.52,33.59,638.83
2027E EV/EBITDA,12186,44.56,98.37,119.02,146.39,179.05,44.56,98.37,20.65,27.38,179.05
2026E EV/EBITDA,12186,37.87,75.85,96.75,113.71,133.65,37.87,75.85,20.90,16.96,133.65
2025A EV/EBITDA,12186,100.00,111.69,161.44,252.30,267.89,100.00,111.69,49.74,90.87,267.89
2027E P/E,,34.18,68.46,94.44,121.18,141.11,34.18,68.46,25.99,26.74,141.11
2026E P/E,,19.78,38.10,57.18,66.64,95.32,19.78,38.10,19.08,9.46,95.32
2025A P/E,,77.89,87.94,194.11,299.43,366.58,77.89,87.94,106.17,105.32,366.58
CCA Average,,37.53,84.71,137.33,176.29,332.35,,,,,
