RMB in millions,2021A,2022A,2023A,2024A,2025A,2026E,2027E,2028E,2029E,2030E,2031E,2032E,2033E,2034E,2035E
Share-based compensation,50120,23971,30831,18546,15577,16612,18924,21258,23542,25737,27918,30027,32000,33799,35412
% of Revenue,7.0,2.8,3.5,2.0,1.6,1.6,1.6,1.6,1.6,1.6,1.6,1.6,1.6,1.6,1.6
Expected share price (USD),,,,,,147,153,174,195,216,237,257,276,294,311
y-o-y change (%),,,,,,,4.2,13.9,12.3,10.7,9.3,8.5,7.6,6.6,5.6
Expected share price (RMB),,,,,,128,134,152,171,189,207,224,241,257,272
Shares issued under SBC,,,,,,130,142,140,138,136,135,134,133,131,130
Share Repurchase amount (USD),118,9628,10856,4800,11900,2387,2387,2387,2387,2387,2387,2387,2387,2387,2387
Share Repurchase amount (RMB),-773,-61225,-74746,-88745,-86662,-16694,-16694,-16694,-16694,-16694,-16694,-16694,-16694,-16694,-16694
Share Repurchases (ADS),1,60,130,156,150,18,16,14,12,11,10,9,9,8,8
Basic,21619,21558,20980,20182,18791,18777,18793,18823,18863,18911,18965,19025,19088,19155,19224
y-o-y change (%),,-0.3,-2.7,-3.8,-6.9,-0.1,0.1,0.2,0.2,0.3,0.3,0.3,0.3,0.3,0.4
Average vesting period,,,,,,4.0,4.0,4.0,4.0,4.0,4.0,4.0,4.0,4.0,4.0
Dilution overhang,,,,,,518.6,566.9,559.1,551.1,544.1,539.8,535.3,530.4,525.7,521.4
Diluted,21982,21787,21114,20359,19318,19295,19360,19382,19415,19455,19505,19560,19619,19680,19745
y-o-y change (%),,-0.9,-3.1,-3.6,-5.1,-0.1,0.3,0.1,0.2,0.2,0.3,0.3,0.3,0.3,0.3
