year,series,price
2021,Share Price,102
2022,Share Price,87
2023,Share Price,61
2024,Share Price,89
2025,Share Price,133
2025,Bull Case,133
2026,Bull Case,238
2027,Bull Case,255
2028,Bull Case,274
2029,Bull Case,293
2030,Bull Case,312
2031,Bull Case,332
2032,Bull Case,353
2033,Bull Case,373
2034,Bull Case,394
2035,Bull Case,415
2025,Base Case,133
2026,Base Case,175
2027,Base Case,188
2028,Base Case,202
2029,Base Case,215
2030,Base Case,229
2031,Base Case,244
2032,Base Case,258
2033,Base Case,273
2034,Base Case,288
2035,Base Case,303
2025,Bear Case,133
2026,Bear Case,120
2027,Bear Case,129
2028,Bear Case,139
2029,Bear Case,148
2030,Bear Case,158
2031,Bear Case,168
2032,Bear Case,178
2033,Bear Case,188
2034,Bear Case,198
2035,Bear Case,208
