fiscal_year,sub_group,revenue
FY21A,Customer Management,304543
FY21A,Direct Sales and Others,90000
FY21A,Quick Commerce,35746
FY21A,China Commerce Wholesale,14322
FY22A,Customer Management,316029
FY22A,Direct Sales and Others,96795
FY22A,Quick Commerce,44890
FY22A,China Commerce Wholesale,17106
FY23A,Customer Management,291541
FY23A,Direct Sales and Others,103811
FY23A,Quick Commerce,50249
FY23A,China Commerce Wholesale,17854
FY24A,Customer Management,304009
FY24A,Direct Sales and Others,110405
FY24A,Quick Commerce,59802
FY24A,China Commerce Wholesale,20479
FY25A,Customer Management,322346
FY25A,Direct Sales and Others,103180
FY25A,Quick Commerce,67076
FY25A,China Commerce Wholesale,24301
