quarter,series,revenue
Q1'12,CNC machining,8.2
Q1'12,Injection molding,21.8
Q2'12,CNC machining,8.5
Q2'12,Injection molding,21.4
Q3'12,CNC machining,9.0
Q3'12,Injection molding,23.5
Q4'12,CNC machining,9.9
Q4'12,Injection molding,23.7
Q1'13,CNC machining,10.4
Q1'13,Injection molding,26.9
Q2'13,CNC machining,11.8
Q2'13,Injection molding,27.9
Q3'13,CNC machining,12.5
Q3'13,Injection molding,29.5
Q4'13,CNC machining,13.3
Q4'13,Injection molding,30.7
Q1'14,CNC machining,13.4
Q1'14,Injection molding,32.7
Q2'14,CNC machining,14.5
Q2'14,Injection molding,36.3
Q3'14,CNC machining,15.5
Q3'14,Injection molding,35.7
Q4'14,CNC machining,16.5
Q4'14,Injection molding,35.7
Q1'15,CNC machining,16.4
Q1'15,Injection molding,37.6
Q2'15,CNC machining,18.6
Q2'15,Injection molding,39.9
Q3'15,CNC machining,19.8
Q3'15,Injection molding,42.0
Q4'15,CNC machining,19.6
Q4'15,Injection molding,43.9
Q1'16,CNC machining,18.9
Q1'16,Injection molding,43.2
Q2'16,CNC machining,19.9
Q2'16,Injection molding,44.8
Q3'16,CNC machining,21.8
Q3'16,Injection molding,46.4
Q4'16,CNC machining,20.9
Q4'16,Injection molding,41.6
Q1'17,CNC machining,22.0
Q1'17,Injection molding,47.9
Q2'17,CNC machining,24.2
Q2'17,Injection molding,46.8
Q3'17,CNC machining,27.2
Q3'17,Injection molding,49.5
Q4'17,CNC machining,30.4
Q4'17,Injection molding,50.2
Q1'18,CNC machining,36.7
Q1'18,Injection molding,51.3
Q2'18,CNC machining,37.8
Q2'18,Injection molding,51.6
Q3'18,CNC machining,40.8
Q3'18,Injection molding,53.7
Q4'18,CNC machining,38.2
Q4'18,Injection molding,53.9
Q1'19,CNC machining,37.9
Q1'19,Injection molding,55.3
Q2'19,CNC machining,38.9
Q2'19,Injection molding,55.5
Q3'19,CNC machining,40.2
Q3'19,Injection molding,55.2
Q4'19,CNC machining,38.5
Q4'19,Injection molding,51.5
Q1'20,CNC machining,37.9
Q1'20,Injection molding,54.8
Q2'20,CNC machining,28.8
Q2'20,Injection molding,57.9
Q3'20,CNC machining,33.1
Q3'20,Injection molding,53.3
Q4'20,CNC machining,31.8
Q4'20,Injection molding,52.1
Q1'21,CNC machining,36.7
Q1'21,Injection molding,56.4
Q2'21,CNC machining,41.6
Q2'21,Injection molding,58.2
Q3'21,CNC machining,43.7
Q3'21,Injection molding,57.7
Q4'21,CNC machining,44.9
Q4'21,Injection molding,53.9
Q1'22,CNC machining,46.1
Q1'22,Injection molding,53.4
Q2'22,CNC machining,48.2
Q2'22,Injection molding,53.4
Q3'22,CNC machining,47.5
Q3'22,Injection molding,48.9
Q4'22,CNC machining,46.6
Q4'22,Injection molding,44.9
Q1'23,CNC machining,48.1
Q1'23,Injection molding,51.9
Q2'23,CNC machining,48.3
Q2'23,Injection molding,48.8
Q3'23,CNC machining,52.9
Q3'23,Injection molding,51.7
Q4'23,CNC machining,48.9
Q4'23,Injection molding,51.5
Q1'24,CNC machining,49.9
Q1'24,Injection molding,52.7
Q2'24,CNC machining,51.2
Q2'24,Injection molding,49.1
Q3'24,CNC machining,53.3
Q3'24,Injection molding,46.8
Q4'24,CNC machining,52.4
Q4'24,Injection molding,45.6
Q1'25,CNC machining,52.8
Q1'25,Injection molding,48.7
Q2'25,CNC machining,61.9
Q2'25,Injection molding,47.4
Q3'25,CNC machining,63.0
Q3'25,Injection molding,47.8
Q4'25,CNC machining,65.5
Q4'25,Injection molding,47.6
Q1'26,CNC machining,63.2
Q1'26,Injection molding,51.1
