quarter,revenue_per_contact,contacts,basis
Q1'19,5515,20573,AMSA-computed
Q2'19,5563,20840,AMSA-computed
Q3'19,5470,21471,AMSA-computed
Q4'19,5433,20595,AMSA-computed
Q1'20,5514,20876,AMSA-computed
Q2'20,6256,17037,AMSA-computed
Q3'20,5720,18796,AMSA-computed
Q4'20,5794,18157,AMSA-computed
Q1'21,5137,22605,AMSA-computed
Q2'21,5292,23253,AMSA-computed
Q3'21,5343,23457,AMSA-computed
Q4'21,5287,23376,AMSA-computed
Q1'22,5286,23492,AMSA-computed
Q2'22,5275,24058,AMSA-computed
Q3'22,5111,23816,AMSA-computed
Q4'22,5206,22205,AMSA-computed
Q1'23,5405,23287,AMSA-computed
Q2'23,5230,23377,AMSA-computed
Q3'23,5663,23080,AMSA-computed
Q4'23,5715,21879,company-reported
Q1'24,5693,22466,company-reported
Q2'24,5595,22456,company-reported
Q3'24,5580,22511,company-reported
Q4'24,5648,21558,company-reported
Q1'25,5836,21627,company-reported
Q2'25,6203,21775,company-reported
Q3'25,6370,21252,company-reported
Q4'25,6956,19621,company-reported
Q1'26,7028,19826,company-reported
