quarter,gross_margin
Q1'12,59.1
Q2'12,59.1
Q3'12,60.7
Q4'12,62.5
Q1'13,62.4
Q2'13,62.5
Q3'13,61.8
Q4'13,62.7
Q1'14,63.0
Q2'14,61.8
Q3'14,60.6
Q4'14,59.9
Q1'15,60.2
Q2'15,58.7
Q3'15,59.4
Q4'15,56.0
Q1'16,54.6
Q2'16,56.4
Q3'16,57.2
Q4'16,55.7
Q1'17,56.5
Q2'17,56.5
Q3'17,56.0
Q4'17,56.2
Q1'18,53.7
Q2'18,54.0
Q3'18,54.1
Q4'18,52.5
Q1'19,51.9
Q2'19,52.0
Q3'19,50.8
Q4'19,50.6
Q1'20,50.5
Q2'20,49.2
Q3'20,50.8
Q4'20,50.0
Q1'21,47.6
Q2'21,46.0
Q3'21,44.1
Q4'21,44.8
Q1'22,44.9
Q2'22,45.2
Q3'22,44.1
Q4'22,42.0
Q1'23,42.7
Q2'23,43.4
Q3'23,45.4
Q4'23,44.6
Q1'24,44.9
Q2'24,45.0
Q3'24,45.6
Q4'24,42.7
Q1'25,44.1
Q2'25,44.3
Q3'25,45.3
Q4'25,44.2
Q1'26,45.6
