year,series,eps
FY12,GAAP diluted EPS,0.98
FY12,Non-GAAP diluted EPS,1.07
FY13,GAAP diluted EPS,1.36
FY13,Non-GAAP diluted EPS,1.47
FY14,GAAP diluted EPS,1.60
FY14,Non-GAAP diluted EPS,1.73
FY15,GAAP diluted EPS,1.77
FY15,Non-GAAP diluted EPS,1.97
FY16,GAAP diluted EPS,1.61
FY16,Non-GAAP diluted EPS,1.81
FY17,GAAP diluted EPS,1.93
FY17,Non-GAAP diluted EPS,2.14
FY18,GAAP diluted EPS,2.81
FY18,Non-GAAP diluted EPS,3.04
FY19,GAAP diluted EPS,2.35
FY19,Non-GAAP diluted EPS,2.79
FY20,GAAP diluted EPS,1.89
FY20,Non-GAAP diluted EPS,2.37
FY21,GAAP diluted EPS,1.21
FY21,Non-GAAP diluted EPS,1.55
FY22,GAAP diluted EPS,-3.77
FY22,Non-GAAP diluted EPS,1.50
FY23,GAAP diluted EPS,0.66
FY23,Non-GAAP diluted EPS,1.60
FY24,GAAP diluted EPS,0.66
FY24,Non-GAAP diluted EPS,1.63
FY25,GAAP diluted EPS,0.88
FY25,Non-GAAP diluted EPS,1.65
