fiscal_year,service_line,revenue
FY21,CNC machining,166.8
FY21,Injection molding,226.1
FY21,3D printing,72.7
FY21,Sheet metal & other,22.5
FY22,CNC machining,188.4
FY22,Injection molding,200.6
FY22,3D printing,79.0
FY22,Sheet metal & other,20.4
FY23,CNC machining,198.2
FY23,Injection molding,203.9
FY23,3D printing,84.3
FY23,Sheet metal & other,17.5
FY24,CNC machining,206.9
FY24,Injection molding,194.2
FY24,3D printing,83.8
FY24,Sheet metal & other,16.0
FY25,CNC machining,243.3
FY25,Injection molding,191.5
FY25,3D printing,80.3
FY25,Sheet metal & other,18.0
FY26E,CNC machining,274.9
FY26E,Injection molding,198.2
FY26E,3D printing,81.1
FY26E,Sheet metal & other,18.7
FY27E,CNC machining,305.2
FY27E,Injection molding,206.1
FY27E,3D printing,83.5
FY27E,Sheet metal & other,19.6
