date,measure,pct
2026-07-17,Real yield (TIPS),2.31
2026-07-17,Breakeven inflation,2.24
2026-07-24,Real yield (TIPS),2.43
2026-07-24,Breakeven inflation,2.26
2026-07-30,Real yield (TIPS),2.41
2026-07-30,Breakeven inflation,2.27
2026-08-07,Real yield (TIPS),2.40
2026-08-07,Breakeven inflation,2.25
2026-08-14,Real yield (TIPS),2.41
2026-08-14,Breakeven inflation,2.27
2026-08-21,Real yield (TIPS),2.40
2026-08-21,Breakeven inflation,2.34
2026-08-28,Real yield (TIPS),2.42
2026-08-28,Breakeven inflation,2.31
2026-09-04,Real yield (TIPS),2.43
2026-09-04,Breakeven inflation,2.35
2026-09-11,Real yield (TIPS),2.60
2026-09-11,Breakeven inflation,2.36
2026-09-18,Real yield (TIPS),2.68
2026-09-18,Breakeven inflation,2.33
2026-09-21,Real yield (TIPS),2.62
2026-09-21,Breakeven inflation,2.34
