Bidder,Date,Offer,Structure,Outcome,source_ids
Byron Allen's Allen Media Group,"Jan. 31, 2024","$14.3bn equity, about $30bn with debt; $28.58 per A, $21.53 per B share",Whole company,Not pursued,cnbc-allen-bid-2024 thegrio-allen-bid-2024
Apollo,"March 6, 2024",$11bn for the film and TV studios,Studios only,Committee would not back it; Redstone opposed,thewrap-sale-process-2024
"Party C, possibly Apollo","March 31, 2024",$26–27bn enterprise value,Whole company,Rebuffed,s4-2024 variety-apollo-27bn-2024
Sony Pictures and Apollo,"May 2, 2024","$26bn all-cash with debt; reportedly $28 per A, $17 per B share","Whole company, Sony majority",Non-binding; not pursued,nbcnews-sony-apollo-2024 thewrap-sale-process-2024
Skydance and RedBird (first round),Spring 2024,About $2.25bn for NAI (reported),NAI then merger,Redstone ended talks June 11,cnn-why-redstone-2024
Steven Paul group,Mid-2024,"More than $2.25bn, under $3bn for NAI",NAI only,Joined Bronfman's group,thewrap-steven-paul-2024
Barry Diller's IAC,Mid-2024,No offer reported,NAI (NDAs signed),Explored only,newscaststudio-diller-2024
Skydance and RedBird (final),"July 7, 2024","$8.4bn of equity; $23 per A, $15 per B share",NAI then merger,"Signed; closed Aug. 7, 2025",paramount-skydance-release-2024
Edgar Bronfman Jr. consortium,"Aug. 20–21, 2024","$4.3bn, raised to $6bn with a $16 offer for some B shares",NAI plus new capital,"Withdrew Aug. 26, 2024",axios-bronfman-bid-2024 reuters-bronfman-6bn-2024
Project Rise Partners,"Oct. 8, 2024","$8.5bn letter; a later lawsuit cites $13.5bn",After the go-shop,Not considered; litigated,axios-project-rise-2024 thewrap-nyc-pension-2025
