date,date_precision,status,act,category,event,source_ids,note
2023-05-04,day,past,I,company,Paramount cuts its quarterly dividend from $0.24 to $0.05; shares fall more than 25%,cnn-paramount-dividend-2023 cnbc-paramount-q1-2023,
2023-05,month,past,I,finance,NAI takes a $125m preferred investment from BDT & MSD and repays loans secured by Paramount shares,deadline-nai-bdt-2023,
2023-07,month,past,I,finance,NAI reported to be renegotiating debt with its creditors,defm14c-2025,As described in the information statement
2023-09-07,day,past,I,finance,NAI sells BDT another $25m of preferred stock,defm14c-2025,
2023-12,month,past,I,sale,Skydance and RedBird pursue control of Paramount through NAI,deadline-ellison-nai-2023,
2023-12,month,past,I,sale,Bakish and WBD's Zaslav meet to discuss a merger,bnn-wbd-talks-2024,
2024-01-02,day,past,I,sale,Paramount's board forms a special committee at NAI's request,defm14c-2025 special-committee-release-2024,
2024-01-08,day,past,I,sale,"Skydance sends a non-binding proposal to merge, invest cash and buy control of NAI",s4-2024,
2024-01-31,day,past,I,sale,"Byron Allen's group bids $14.3bn for Paramount's shares, about $30bn with debt",cnbc-allen-bid-2024,
2024-02,month,past,I,sale,Special committee stops sharing information with WBD after no concrete offer,bnn-wbd-talks-2024,Late February
2024-03-06,day,past,I,sale,Apollo proposes $11bn for the film and TV studios,thewrap-sale-process-2024,
2024-03-13,day,past,I,sale,Skydance narrows its Class B price to $12–13 a share with $1.5–2bn of new cash,s4-2024,
2024-03-31,day,past,I,sale,Party C indicates a $26–27bn enterprise value for Paramount,s4-2024,Identity of Party C not confirmed
2024-04-03,day,past,I,sale,Thirty-day exclusive talks with Skydance begin,broadbandtv-exclusive-2024,
2024-04-29,day,past,I,company,Bob Bakish replaced as chief executive by a three-person Office of the CEO,paramount-8k-bakish-2024,The filing gives no reason
2024-05-02,day,past,I,sale,Sony and Apollo send a non-binding $26bn all-cash letter,nbcnews-sony-apollo-2024,
2024-05-03,day,past,I,sale,Skydance's exclusivity lapses,cnbc-exclusivity-lapse-2024,
2024-05-29,day,past,I,sale,Skydance refuses a majority-of-the-minority vote and offers a 30-day go-shop,s4-2024,
2024-06-11,day,past,I,sale,NAI ends talks as the special committee meets to vote; Paramount falls 7.9%,ap-redstone-ends-talks-2024 yahoo-para-plummets-2024,
2024-07-02,day,past,I,sale,Talks revive on a higher NAI valuation and stronger litigation indemnity,fortune-revival-2024,
2024-07-07,day,past,I,sale,"Merger agreement signed: $8.4bn of Ellison and RedBird equity; $23 per A share, $15 per B share",paramount-skydance-release-2024 paramount-8k-terms-2024,
2024-07-19,day,past,I,regulatory,HSR notifications filed,s4-2024,
2024-07-24,day,past,I,legal,A Class B shareholder files a class action in Delaware Chancery,paramount-10q-q3-2024,
2024-08-19,day,past,I,regulatory,HSR waiting period expires,s4-2024,
2024-08-21,day,past,I,sale,Go-shop ends after more than 50 contacts; extended for Bronfman's group to Sept. 5,paramount-8k-goshop-2024,
2024-08-26,day,past,I,sale,Bronfman withdraws; the go-shop concludes,paramount-8k-goshop-end-2024,
2024-08-29,day,past,I,regulatory,FCC transfer applications filed for 28 CBS stations,rbr-fcc-filing-2024,
2024-09-06,day,past,I,regulatory,FCC accepts the applications in MB Docket 24-275,rbr-fcc-filing-2024 fcc-mb-24-275,
2024-10-08,day,past,I,sale,Project Rise Partners says its $8.5bn bid was wrongly ignored,axios-project-rise-2024,
2024-10-16,day,past,I,politics,Center for American Rights files a news-distortion complaint against WCBS,tvtech-car-complaint-2024,
2024-10-30,day,past,I,regulatory,Applicants amend their filings to show David Ellison as sole manager,fcc-da-24-1147,
2024-10-31,day,past,I,legal,"Trump sues CBS for $10bn in Amarillo, Texas",fortune-trump-suit-2024,
2024-11-04,day,past,I,regulatory,Merger registration statement (S-4) filed,s4-2024,
2024-11-15,day,past,I,regulatory,FCC resets the pleading cycle,fcc-da-24-1147,
2024-12-16,day,past,I,regulatory,"Petitions to deny due; CAR objects over Tencent, CBS News bias and hiring",fcc-da-24-1147 thewrap-car-petition-2024,
2025-01-13,day,past,I,regulatory,Final FCC replies due; the record is complete,fcc-da-24-1147,
2025-01-16,day,past,I,regulatory,Outgoing FCC chair dismisses the news-distortion complaints,npr-rosenworcel-dismissal-2025,
2025-01-22,approx,past,I,regulatory,Chairman Carr reinstates the complaints,rbr-carr-reinstates-2025 thewrap-complaints-reinstated-2025,Date inferred from trade-press metadata
2025-02-04,day,past,I,legal,New York City pension funds sue in Delaware,thewrap-nyc-pension-2025,
2025-02-05,day,past,I,regulatory,FCC publishes the unedited 60 Minutes interview,cnn-fcc-transcript-2025,
2025-02,month,past,I,company,Paramount drops numerical diversity goals,variety-paramount-dei-2025,
2025-02,month,past,I,legal,Trump raises his claim to $20bn and adds Paramount as a defendant,variety-trump-20bn-2025,
2025-03,month,past,I,legal,Delaware court refuses to block the deal but calls the fiduciary claim colorable,bloomberglaw-mccormick-2025,
2025-03,month,past,I,regulatory,Carr tells companies seeking approval to end DEI,deadline-carr-dei-2025,
2025-04-07,day,past,I,legal,Outside date extends by 90 days; mediation with Trump reported,variety-90day-extension-2025 usnews-mediation-2025,
2025-04-22,day,past,I,company,60 Minutes executive producer Bill Owens resigns,deadline-owens-2025,
2025-05-19,day,past,I,company,CBS News chief Wendy McMahon resigns; three senators write to Redstone,cnn-mcmahon-2025 warren-may-2025,
2025-06-25,day,past,I,legal,Mediator proposes a $20m settlement,usnews-mediator-20m-2025,WSJ report via Reuters
2025-07-01,day,past,I,legal,Paramount settles with Trump for $16m,cnn-settlement-2025,
2025-07-07,day,past,I,legal,Second and final 90-day extension starts,deadline-second-extension-2025,
2025-07-15,day,past,I,regulatory,David Ellison meets Chairman Carr,variety-ellison-carr-2025,
2025-07-17,day,past,I,company,CBS says The Late Show will end in May 2026,cnn-colbert-cancel-2025,
2025-07-22,day,past,I,regulatory,Skydance's letters to Carr; Trump suit dismissed; Trump claims $20m more is coming,variety-skydance-letter-2025 usnews-trump-received-2025 variety-psa-claim-2025,The $20m claim is an unconfirmed allegation
2025-07-24,day,past,I,regulatory,"FCC approves the transfer, 2–1",fcc-approval-release-2025,
2025-08-07,day,past,I,company,Deal closes; Paramount Skydance trades as PSKY,paramount-close-release-2025,
2025-08-11,day,past,after,company,Paramount buys US UFC rights for $7.7bn,upi-ufc-2025,
2025-08-13,day,past,after,legal,Gabelli funds file a Class A class action in Delaware,businesswire-gamco-2025,
2025-08-20,day,past,after,politics,House Democrats open an investigation,house-dems-aug-2025,
2025-09-08,day,past,after,company,Kenneth Weinstein named CBS News ombudsman,cbsnews-ombudsman-2025,
2025-09-11,day,past,II,sale,WSJ reports Paramount Skydance is preparing a bid for WBD,fool-wbd-bid-2025,
2025-09-14,day,past,II,sale,Paramount proposes $19 a share in cash and stock,fortune-two-year-pursuit-2025,
2025-09-30,day,past,II,sale,"Paramount proposes $22 a share, primarily in cash",fortune-two-year-pursuit-2025 wbd-prec14a-2026,
2025-10-06,day,past,after,company,Paramount buys The Free Press; Bari Weiss becomes CBS News editor-in-chief,axios-free-press-2025,
2025-10-13,day,past,II,sale,Paramount proposes about $23.50 a share,wbd-prec14a-2026 cnbc-wbd-timeline-2026,Price is our estimate
2025-10-21,day,past,II,sale,WBD rejects the offer and opens a strategic review,ap-wbd-review-2025,
2025-10-29,day,past,after,company,"Paramount lays off about 1,000 US staff",cnbc-layoffs-2025,
2025-11-20,day,past,II,sale,First-round bids; Paramount offers $25.50 a share,variety-wbd-second-round-2025 cnbc-wbd-timeline-2026,
2025-12-03,day,past,II,sale,Paramount calls WBD's sale process tilted and unfair,fortune-tilted-letter-2025,
2025-12-05,day,past,II,sale,Netflix agrees to buy the studios and HBO Max for $27.75 a share,abc7-netflix-wbd-2025,
2025-12-08,day,past,II,sale,Paramount launches a hostile $30 all-cash tender,aljazeera-hostile-bid-2025,
2025-12-10,day,past,II,politics,Trump says it is imperative that CNN be sold,cnn-trump-cnn-sold-2025,
2025-12-17,day,past,II,sale,WBD board rejects the tender,cnbc-wbd-rejects-2025,
2025-12-21,day,past,after,company,60 Minutes pulls its CECOT report hours before air,cnn-cecot-2025,
2025-12-22,day,past,II,finance,Larry Ellison personally guarantees $40.4bn of equity,investing-ellison-guarantee-2025,
2025-12-23,day,past,II,regulatory,Justice Department issues a second request,thewrap-hsr-wbd-2026,
2026-01-12,day,past,II,legal,Paramount sues WBD in Delaware and threatens a proxy fight,kvia-paramount-sues-2026,
2026-01-20,day,past,II,sale,Netflix switches to an all-cash offer,wbd-8k-netflix-cash-2026,
2026-02-10,day,past,II,sale,Paramount adds a ticking fee and offers to pay Netflix's break fee,semafor-ticking-fee-2026,
2026-02-12,day,past,II,regulatory,Antitrust chief Gail Slater forced out,kvia-slater-fired-2026,
2026-02-19,day,past,II,regulatory,HSR waiting period expires,thewrap-hsr-wbd-2026,
2026-02-24,day,past,II,sale,Paramount bids $31 cash with a $7bn reverse termination fee,cnbc-31-bid-2026,
2026-02-26,day,past,II,sale,WBD board calls the offer superior; Netflix declines to match,pbs-netflix-walks-2026,
2026-02-27,day,past,II,sale,Merger agreement signed; Paramount pays Netflix's $2.8bn fee,wbd-8k-signing-2026 wbd-10q-q1-2026,
2026-03,month,past,II,finance,Fitch cuts Paramount Skydance to BB+,variety-fitch-junk-2026,
2026-03-20,day,past,after,company,CBS News cuts about 6% of staff and closes CBS News Radio,cnn-cbs-news-layoffs-2026,
2026-04-08,day,past,after,company,Jeff Shell leaves as president,axios-shell-out-2026,
2026-04-23,day,past,II,sale,WBD shareholders approve the merger,npr-wbd-vote-2026,
2026-04-24,day,past,II,regulatory,Paramount asks the FCC to approve about 49.5% foreign ownership,thr-fcc-petition-2026,
2026-06-03,day,past,after,company,Scott Pelley fired from 60 Minutes,axios-pelley-2026,
2026-06-12,day,past,II,regulatory,Justice Department closes its investigation without conditions,doj-wbd-statement-2026,
2026-07-13,day,past,II,legal,Twelve states sue to block the deal,lasvegassun-states-sue-2026,
2026-07-14,day,past,II,legal,Writers Guild sues; a derivative suit alleges improper benefits to Trump,ktar-wga-suit-2026 fpf-derivative-2026,The derivative suit's claims are allegations
2026-07-20,day,past,II,legal,Court grants a 14-day restraining order,kob-tro-2026,
2026-07-22,day,past,II,regulatory,European Commission clears the deal with conditions,paramount-ec-release-2026,
2026-07-24,day,past,II,legal,"Paramount agrees not to close before a trial ruling or June 1, 2027",thewrap-standstill-2026,
2026-08,month,past,II,regulatory,UK clears the deal after binding commitments,deadline-cma-2026 newscaststudio-uk-2026,
2026-08-25,day,past,II,legal,Iowa and Montana ask the Supreme Court to declare the deal lawful,scotus-iowa-v-arizona-2026,
2026-09-17,day,past,II,regulatory,FCC Media Bureau allows up to 100% non-voting foreign equity,cp24-fcc-ruling-2026,
2026-09-21,day,past,II,legal,States and the Writers Guild settle,ap-states-settle-2026 thewrap-wga-settles-2026,
2026-09-29,day,past,II,finance,About $52bn of bonds and loans priced,edge-bloomberg-bonds-0929-2026 edge-bloomberg-bonds-1001-2026,Figures preliminary
2026-09-30,day,past,II,legal,Court approves the consent decree,cp24-decree-approved-2026,
2026-10-06,day,past,II,company,Deal closes; company renamed Skydance (NYSE: SKYD); first close $9.51,psky-8k-close-2026 variety-skyd-debut-2026,
2026-10,month,scheduled,after,legal,Delaware briefing deadline on Class B leadership,psky-10q-q2-2026,
2026-11,approx,expected,after,company,First quarterly results as Skydance,,Our estimate
2027-04-04,day,target,after,regulatory,Deadline for the News Editorial Independence Board,ap-states-settle-2026,180 days after closing (our arithmetic)
2027-07,approx,expected,after,legal,"Nexstar–Tegna trial, a parallel case",thewrap-nexstar-injunction-2026,
2027-09,approx,expected,after,company,Ombudsman's two-year minimum ends,fcc-approval-release-2025,Our estimate of timing
2027-11,approx,target,after,regulatory,Deadline to exit UIP in Europe,paramount-ec-release-2026,13 months after completion (our arithmetic)
2031-10,approx,target,after,legal,Five-year consent decree expires,ap-states-settle-2026,Our estimate
,tbd,expected,after,regulatory,FCC action on the CBS news-distortion docket 25-73,reason-fcc-decision-2025,No date set
